{
    "login":"4001/auth/sign-in",
    "moduleList": "4007/module/getModuleListById",
    "navModuleList" : "4007/module/getModuleList",
    "activity":"4010/activity/homeActivity",
    "gameManagement":{
        "createGame": "4005/games/creategame",
        "listGame" :"4005/games/listGames",
        "updateGame" : "4005/games/updateGame",
        "deleteGame": "4005/games/deleteGame"
    },
    "userManagement":{
        "createUser":"4002/user-management/create-user",
        "listUser":"4002/user-management/listUser",
        "updateUser":"4002/user-management/updateUser"
    },
    "affiliateManagement":{
        "createAffiliate" : "4004/affiliate-management/create-affiliate",
        "listAffiliate": "4004/affiliate-management/list-affiliate-user",
        "updateAffiliate": "4004/affiliate-management/updateAffiliate",
        "createSubAffiliate" : "4004/affiliate-management/create-subAffiliate",
        "listSubAffiliate": "4004/affiliate-management/list-sub-affiliate",
        "updateSubAffiliate": "4004/affiliate-management/updateSubAffiliate"
    },
    "playerManagement": {
        "createPlayer": "4003/player/create-player",
        "listPlayer" : "4003/player/list-player",
        "updatePlayer" : "4003/player/updatePlayer",
        "dailyLoginReport" : "4003/player/dailyLoginReport"
    },
    "chipsManagement" : {
        "tranferAmount":"4006/chipsService/transferAmount",
        "tranferHistory":"4006/chipsService/transferHistory",
        "transactionHistory":"4006/chipsService/transactionHistory"
    },
    "bonusManagement" :{
        "generateBonusCode" : "4009/bonus/createBonusCode",
        "listPlayersForBonus":"4009/bonus/listPlayersForBonus",
        "bonusCodeList": "4009/bonus/listBonusCode",
        "bonusHistory": "4009/bonus/bonusCodeHistory",
        "updateBonusCode":"4009/bonus/updateBonusCode"
    }, 
    "paymentGateway":{
        "createPayment" : "4011/paymentGateway/createPaymentGateway",
        "listPayment":"4011/paymentGateway/listPaymentGateway",
        "updatePayment" :"4011/paymentGateway/updatePaymentGateway"

    }

}